{"girl1":{"poses":{"normal":{"expressions":[],"thumbnail":[453.75,166,116,116,0.5000000000000001]}}},"girl2":{"poses":{"normal":{"expressions":[],"thumbnail":[456.75,116.75,116,116,0.40000000000000013]}}}}